[
    {"title":"百度资源","api":"https://m3u8.apibdzy.com/api.php/provide/vod/","datatype":"json","search":true},
    {"title":"穿梭资源","api":"https://ok.888hyk.com/api.php/provide/vod/","datatype":"json","search":true},
    {"title":"爪可可影视","api":"https://www.zwcoco.com/api.php/provide/vod/","datatype":"json","search":true},
    {"title":"39看","api":"https://www.39kan.com/api.php/provide/vod/","datatype":"json","search":true},
    {"title":"淘影TV","api":"http://tv.4kvod.com/api.php/provide/vod/","datatype":"json","search":true},
    {"title":"豆瓣资源","api":"https://api.dbyunzy.com/api.php/provide/vod/","datatype":"json","search":true},
    {"title":"飞鱼资源","api":"https://app.feiyu5.com/api.php/provide/vod/","datatype":"json","search":true},
    {"title":"不开门","api":"http://c.bukai.men/api.php/provide/vod","datatype":"json","search":true},
	{"title":"电影牛","api":"https://www.dianyingn.com/api.php/provide/vod/","datatype":"json","search":true},
    {"title":"kk看剧","api":"http://www.kkkanju.com/api.php/provide/vod/","datatype":"json","search":true},
    {"title":"极品影视","api":"https://www.jpysvip.net/api.php/provide/vod/","datatype":"json","search":true},
    {"title":"安逸影院","api":"http://dy.51isu.com:11801/api.php/provide/vod/","datatype":"json","search":true},
	{"title":"88资源","api":"http://www.88zy.live/inc/api.php/provide/vod/","datatype":"xml","search":false},
    {"title":"八戒资源","api":"http://cj.bajiecaiji.com/inc/api.php/provide/vod/","datatype":"xml","search":false},
    {"title":"天空资源","api":"http://api.tiankongapi.com/api.php/provide/vod/","datatype":"json","search":false},
    {"title":"太初电影","api":"https://www.tcdya.com/api.php/provide/vod/","datatype":"json","search":false},
    {"title":"快播资源","api":"http://www.kuaibozy.com/api.php/provide/vod/","datatype":"json","search":false},
    {"title":"快云资源","api":"http://www.kuaibozy.com/api.php/provide/vod/","datatype":"json","search":false},
    {"title":"红牛资源","api":"https://www.hongniuzy1.com/inc/apijson_vodhnm3u8.php/provide/vod/","datatype":"json","search":false},
    {"title":"北斗星","api":"https://v8.bdxzyapi.com/inc/api.php/provide/vod/","datatype":"xml","search":false},
    {"title":"飘花电影","api":"http://www.2mjtt.com/inc/api.php/provide/vod/","datatype":"xml","search":false}
]