[
	{
		"update_day":1,
		"name":"RE-MAIN：少年与水球",
		"info":"中学3年级的冬天，在水球的全国大赛上获得优胜的清水凑在回家途中遭遇了车祸，陷入昏睡之中。203天后好不容易恢复意识，却失去了中学三年的记忆。离开了水球，凑整理好心情入学了山南高中，却以一个约定为契机，与在那里遇到的伙伴们开始了水球比赛。但是，在弱小的水球部里，各种各样的困难在等待着他们……。",
		"picture":"https://img.52swat.cn/upload/vod/20210704-1/ab10e8b691ed747f8e01cfc2fd75e713.jpg",
		"linelist":[
			{
				"apiurl":"https://m3u8.apibdzy.com/api.php/provide/vod/",
				"vid":79441,
				"apitype":"json"
			},
			{
				"apiurl":"http://dy.51isu.com:11801/api.php/provide/vod",
				"vid":2244,
				"apitype":"json"
			},
			{
				"apiurl":"http://www.kkkanju.com/api.php/provide/vod/",
				"vid":100157,
				"apitype":"json"
			}
		]
	},
	{
		"update_day":1,
		"name":"卡片战斗先导者overDress",
		"info":"VG 10周年纪念特别动画「卡片战斗先导者overDress」来玩吧，愉快的夜晚开始了！",
		"picture":"https://img.52swat.cn/upload/vod/20211007-1/115b7a36bac4f4fc2151ea3df9fc1e4d.jpg",
		"linelist":[
			{
				"apiurl":"https://m3u8.apibdzy.com/api.php/provide/vod/",
				"vid":82034,
				"apitype":"json"
			},
			{
				"apiurl":"http://dy.51isu.com:11801/api.php/provide/vod",
				"vid":2040,
				"apitype":"json"
			},
			{
				"apiurl":"http://www.kkkanju.com/api.php/provide/vod/",
				"vid":66252,
				"apitype":"json"
			}			
		]
	},
	{
		"update_day":2,
		"name":"进化之实 踏上胜利的人生",
		"info":"一天，主人公柊诚一连同全校师生被传送到了一个奇幻世界，却只有他一个人被丢在了怪物横行的深山老林里。不料，他在饥肠辘辘之下偶然吃下的“进化之实”，竟然是能让人进化的神器！自此，曾一路挨打的柊诚一的爆笑逆袭进化之旅开始了！在森林里，他还遇到了命运中的……竟，竟然是大猩猩！？",
		"picture":"https://img.52swat.cn/upload/vod/20211005-1/d577df4fb0fd818a1696c3345bcfac3a.jpg",
		"linelist":[
			{
				"apiurl":"https://m3u8.apibdzy.com/api.php/provide/vod/",
				"vid":82007,
				"apitype":"json"
			},
			{
				"apiurl":"http://dy.51isu.com:11801/api.php/provide/vod",
				"vid":1614,
				"apitype":"json"
			},
			{
				"apiurl":"http://www.kkkanju.com/api.php/provide/vod/",
				"vid":150917,
				"apitype":"json"
			}			
		]
	},
	{
		"update_day":2,
		"name":"宿命回响：命运节拍",
		"info":"“音乐是一种力量。”乐曲成为了少女的力量。过去时代诞生的传说中的歌剧、伟大的乐曲，被乐谱灌输成了新的生命「奏者」。在失去音乐的世界里，用音乐力量战斗的少女们虚幻又美丽的命运故事。她们只是以前方的幸福为目标。",
		"picture":"https://img.52swat.cn/upload/vod/20211104-1/a9a176b5c39bc3ff4ee75be7705b5299.jpg",
		"linelist":[
			{
				"apiurl":"https://m3u8.apibdzy.com/api.php/provide/vod/",
				"vid":82037,
				"apitype":"json"
			},
			{
				"apiurl":"http://dy.51isu.com:11801/api.php/provide/vod",
				"vid":1905,
				"apitype":"json"
			},
			{
				"apiurl":"http://www.kkkanju.com/api.php/provide/vod/",
				"vid":150958,
				"apitype":"json"
			}			
		]
	},
	{
		"update_day":3,
		"name":"键等学园/键等",
		"info":"Key社作品首次大联欢！月宫亚由奔跑、神尾观铃追逐、古河渚歌唱！总计超100名Key社人气角色同台~",
		"picture":"https://img.52swat.cn/upload/vod/20211022-1/8a9afa9ca67d0ea7fd7d000fb309cbc2.jpg",
		"linelist":[
		    {
				"apiurl":"https://m3u8.apibdzy.com/api.php/provide/vod/",
				"vid":82323,
				"apitype":"json"
			},
			{
				"apiurl":"http://dy.51isu.com:11801/api.php/provide/vod",
				"vid":1900,
				"apitype":"json"
			},
			{
				"apiurl":"http://www.kkkanju.com/api.php/provide/vod/",
				"vid":153597,
				"apitype":"json"
			}			
		]
	},
	{
		"update_day":3,
		"name":"我被逐出队伍后过上慢生活",
		"info":"「你不是真正的伙伴——」已经不能在前线战斗的英雄·雷德，被队伍里的贤者判断不再是战力后逐出了勇者队伍。「唉——那段日子可真难熬啊」因为雷德离开了队伍，贤者一行人陷入了大混乱中，而当事人却一无所知的在边境开了一家药店，兴致满满地度过每一天。「我也可以在这家店工作吗？需要包住！」曾经是伙伴的公主突然到来？！“悠闲愉快地经营药店”、“和冒失鬼公主的超甜生活”、没有得到回报的英雄上演的美妙第二人生即将开幕！",
		"picture":"https://img.52swat.cn/upload/vod/20211013-1/c3f349d6a8ba360c9412ed9a272de53a.jpg",
		"linelist":[
			{
				"apiurl":"https://m3u8.apibdzy.com/api.php/provide/vod/",
				"vid":82161,
				"apitype":"json"
			},
			{
				"apiurl":"http://dy.51isu.com:11801/api.php/provide/vod",
				"vid":1481,
				"apitype":"json"
			},
			{
				"apiurl":"http://www.kkkanju.com/api.php/provide/vod/",
				"vid":151647,
				"apitype":"json"
			}			
		]
	},
	{
		"update_day":3,
		"name":"平家物语",
		"info":"祇园精舍钟声响，世间诸行总无常。沙罗双树花说法，盛极必衰是沧桑 平安末期。眼看平家一族将在权力、武力、财力等各方面极尽荣华。拥有看见亡者之眼的男人·平重盛，遇见了拥有看见未来之眼的少女·琵琶。少女预言道：“你们不久便要灭亡”由贵族社会转为武家社会——日本实现历史性变化的、动荡的15年拉开了序幕。",
		"picture":"https://img.52swat.cn/upload/vod/20210917-1/3c0d9b8197f122090d5e9d6c907933e0.jpg",
		"linelist":[
			{
				"apiurl":"https://m3u8.apibdzy.com/api.php/provide/vod/",
				"vid":81638,
				"apitype":"json"
			},
			{
				"apiurl":"http://dy.51isu.com:11801/api.php/provide/vod",
				"vid":1546,
				"apitype":"json"
			},
			{
				"apiurl":"http://www.kkkanju.com/api.php/provide/vod/",
				"vid":113467,
				"apitype":"json"
			}			
		]
	},
	{
		"update_day":3,
		"name":"世界顶尖的暗杀者,转生为异世界贵族",
		"info":"世界第一的暗杀者，作为暗杀世家的长男重生了。作为能够转生到异世界的条件，他接下了女神给下达的唯一一项任务。“杀了被预言会带给人类灾厄的‘勇者’”。这是曾经世界最强暗杀者在新的人生中必须要完成的使命。在现代曾让万般暗杀方式变得可行的广泛知识及经验，还有暗杀者家族被誉为异世界最强的秘术与魔法。一切都相辅相成，使他逐步成为史上无人能及的暗杀者——“有意思，真没想到转生后还要继续从事暗杀工作啊”得以转生的“传说中的暗杀者”向更高境界进发！突破极限的冒险幻想谭，现在开幕！！",
		"picture":"https://img.52swat.cn/upload/vod/20211007-1/babd4af51ab375cb099ec4f2988fae2b.jpg",
		"linelist":[
			{
				"apiurl":"https://m3u8.apibdzy.com/api.php/provide/vod/",
				"vid":82038,
				"apitype":"json"
			},
			{
				"apiurl":"http://dy.51isu.com:11801/api.php/provide/vod",
				"vid":1477,
				"apitype":"json"
			},
			{
				"apiurl":"http://www.kkkanju.com/api.php/provide/vod/",
				"vid":150957,
				"apitype":"json"
			}			
		]
	},
	{
		"update_day":4,
		"name":"通灵王",
		"info":"“通灵王（SHAMAN KING）”那是掌管森罗万象的星球之王。能够与神明或灵体交流、被称作「通灵人」的人们，在500年一度的「通灵人大战」当中争夺这一宝座。这些通灵人其中之一的少年·麻仓叶以通灵王为目标的战斗，2021年4月，以完全新作动画的形式就此展开。",
		"picture":"https://img.52swat.cn/upload/vod/20210409-1/8e4e83c7087efc01147cd72aa48fa21c.jpg",
		"linelist":[
			{
				"apiurl":"https://m3u8.apibdzy.com/api.php/provide/vod/",
				"vid":71850,
				"apitype":"json"
			},
			{
				"apiurl":"http://dy.51isu.com:11801/api.php/provide/vod",
				"vid":1878,
				"apitype":"json"
			},
			{
				"apiurl":"http://www.kkkanju.com/api.php/provide/vod/",
				"vid":66151,
				"apitype":"json"
			}			
		]
	},
	{
		"update_day":4,
		"name":"迷宫标记者",
		"info":"在遥远的未来。人类瑟缩在被岩层包围的“圈落”内艰难度日。圈落外面，是一片广阔而危险的未知领域“迷宫”。而那些冒着生命危险开拓“迷宫”、在未知中留下已知烙印的人们，则被称作“标记人”。想成为标记人的少女·梅梅普与想改行不做标记人的男子·刚刚爸。这对风格迥异的父女即将向迷宫发起挑战！“既然没有路，那就自己动手挖出一条！”",
		"picture":"https://img.52swat.cn/upload/vod/20211014-1/c3a6f2fd5174ea5267cc9c04508eb7e7.jpg",
		"linelist":[
			{
				"apiurl":"https://m3u8.apibdzy.com/api.php/provide/vod/",
				"vid":82171,
				"apitype":"json"
			},
			{
				"apiurl":"http://dy.51isu.com:11801/api.php/provide/vod",
				"vid":1476,
				"apitype":"json"
			},
			{
				"apiurl":"http://www.kkkanju.com/api.php/provide/vod/",
				"vid":151652,
				"apitype":"json"
			}			
		]
	},
	{
		"update_day":5,
		"name":"白沙的水族馆",
		"info":"在水族馆工作的18岁高中女生·海咲野心，遇见了在东京失去了容身之地于是选择逃离的前偶像·宫泽风花。心和风花各自怀抱着不同的想法，在水族馆里度过了一段时光。但是，那个重要的地方，濒临闭馆。少女们的梦想与现实，孤独与朋友，羁绊与纠结──。将会在今年夏天，打开这熠熠生辉的新一页。",
		"picture":"https://img.huishij.com/upload/vod/20210709-1/9d2b92eed472e380095a82b6ba8e39d8.jpg",
		"linelist":[
			{
				"apiurl":"https://m3u8.apibdzy.com/api.php/provide/vod/",
				"vid":81512,
				"apitype":"json"
			},
			{
				"apiurl":"http://dy.51isu.com:11801/api.php/provide/vod",
				"vid":1809,
				"apitype":"json"
			},
			{
				"apiurl":"http://www.kkkanju.com/api.php/provide/vod/",
				"vid":100608,
				"apitype":"json"
			}			
		]
	},
	{
		"update_day":5,
		"name":"国王排名",
		"info":"国家的丰饶、麾下勇者的数量、以及国王本人如何像勇者一般强大，这些要素的综合排名，便是所谓的“国王排名”。主人公波吉是国王排名第七名的伯斯王治下王国的第一王子。但是波吉却生来又聋又哑，贫弱到挥不动剑。不止家臣甚至连民众都轻蔑地说「他实在不是当国王的料」。这样的波吉人生中第一位交到的朋友，卡克。与卡克的邂逅，以及那些微小的勇气中诞生的，波吉人生的巨变将要开始——",
		"picture":"https://img.52swat.cn/upload/vod/20211016-1/2dfe79959f6bae2d468c11647b724c33.jpg",
		"linelist":[
			{
				"apiurl":"https://m3u8.apibdzy.com/api.php/provide/vod/",
				"vid":82216,
				"apitype":"json"
			},
			{
				"apiurl":"http://dy.51isu.com:11801/api.php/provide/vod",
				"vid":1613,
				"apitype":"json"
			},
			{
				"apiurl":"http://www.kkkanju.com/api.php/provide/vod/",
				"vid":151751,
				"apitype":"json"
			}			
		]
	},
	{
		"update_day":5,
		"name":"妖怪手表",
		"info":"天野景太是一位普普通通的小学五年级学生。他在某个夏天去大森山捕虫时，通过扭蛋结识了妖怪执事维斯帕，并从维斯帕手中获得了妖怪手表。而他可以透过手表看见平常生活中看不见的妖怪们。",
		"picture":"https://img.huishij.com/upload/vod/20200626-4/db01d2b6581e9e7d1930b4a4bc820b6b.jpg",
		"linelist":[
			{
				"apiurl":"https://m3u8.apibdzy.com/api.php/provide/vod/",
				"vid":73725,
				"apitype":"json"
			},
			{
				"apiurl":"http://dy.51isu.com:11801/api.php/provide/vod",
				"vid":34644,
				"apitype":"json"
			},
			{
				"apiurl":"http://www.kkkanju.com/api.php/provide/vod/",
				"vid":80050,
				"apitype":"json"
			}			
		]
	},
	{
		"update_day":6,
		"name":"结城友奈是勇者 第三季 / 大满开之章",
		"info":"这是一段，关于曾经、关于未来的故事。",
		"picture":"https://img.52swat.cn/upload/vod/20211002-1/a620345d219a84d91cc3ed159bc2fe43.jpg",
		"linelist":[
			{
				"apiurl":"https://m3u8.apibdzy.com/api.php/provide/vod/",
				"vid":81951,
				"apitype":"json"
			},
			{
				"apiurl":"http://dy.51isu.com:11801/api.php/provide/vod",
				"vid":1748,
				"apitype":"json"
			},
		    {
				"apiurl":"http://www.kkkanju.com/api.php/provide/vod/",
				"vid":150857,
				"apitype":"json"
			}
		]
	},
	{
		"update_day":6,
		"name":"名侦探柯南",
		"info":"主角工藤新一原本是一位颇具名声的高中生侦探，在目击黑暗组织的地下交易后，正准备追踪时却被突袭击昏，并被灌下代号为“APTX4869”的不明药物。后来虽然幸免于死，但身体就此缩小为小学时期的模样。之后他化名为江户川柯南，在邻居阿笠博士的建议下，寄住在女友毛利兰的父亲—侦探毛利小五郎家中，继续秘密从事追查黑暗组织的工作，并私下探寻获得解药的管道，希望能够恢复原来新一的样貌。与此同时，柯南凭着自己的推理天份，配合阿笠博士为他发明的道具，帮助毛利小五郎成为出名的大侦探。故事内容当中穿插许多爱情、友情、犯罪、背叛、复仇等情节。",
		"picture":"https://img.52swat.cn/upload/vod/20200730-1/bac861571f1392a87c795570dc62d9c8.jpg",
		"linelist":[
			{
				"apiurl":"https://m3u8.apibdzy.com/api.php/provide/vod/",
				"vid":15745,
				"apitype":"json"
			},
			{
				"apiurl":"http://dy.51isu.com:11801/api.php/provide/vod",
				"vid":1753,
				"apitype":"json"
			},
			{
				"apiurl":"http://www.kkkanju.com/api.php/provide/vod/",
				"vid":78432,
				"apitype":"json"
			}			
		]
	},
	{
		"update_day":6,
		"name":"世界尽头的圣骑士",
		"info":"曾经灭亡的死者之街。那里有一个孩子和三个不死的人。被曾经作为英雄的不死者们养育的少年。继承技能继承知识，注入爱的少年成长。阐发了下去，不死者的过去，奥秘的谜。当知道那一切的时候，少年踏上了通往圣骑士的道路。一个温馨和带有伤感的故事。",
		"picture":"https://img.52swat.cn/upload/vod/20211011-1/e30afc49d7dd4bdab5d3c3c16e62fb0d.jpg",
		"linelist":[
			{
				"apiurl":"https://m3u8.apibdzy.com/api.php/provide/vod/",
				"vid":82129,
				"apitype":"json"
			},
			{
				"apiurl":"http://dy.51isu.com:11801/api.php/provide/vod",
				"vid":1622,
				"apitype":"json"
			},
			{
				"apiurl":"http://www.kkkanju.com/api.php/provide/vod/",
				"vid":151532,
				"apitype":"json"
			}			
		]
	},
	{
		"update_day":7,
		"name":"创之界限",
		"info":"『我可以看到，我胜利的道路……』『这次一定可以打败那个家伙。所以，再一次……接收！灵魂赌徒 布鲁姆！』在王的统治之下，一切的优劣都有TCG「创之界限」的力量来决定的都市，「新京都」。",
		"picture":"https://m.kkkanju.com/upload/vod/20211026-1/5ac4ed98155d2bcc6799a045d9eabdb2.jpg",
		"linelist":[
			{
				"apiurl":"http://www.kkkanju.com/api.php/provide/vod/",
				"vid":152188,
				"apitype":"json"
			}			
		]
	},
	{
		"update_day":7,
		"name":"无敌侠：舞动的英雄",
		"info":"本次故事舞台在自由、热情的海滨城市——新旧金山。搬到这里的无敌，遇到了一位自称DJ的男子。而DJ使无敌变身成为了名叫“无敌侠”的劲舞英雄。二人立志携手用歌声与舞蹈击退突然出现的怪物，守护整个城市。而这一切的背后，一场威胁整个人类的危机正暗流涌动……",
		"picture":"https://img.52swat.cn/upload/vod/20211003-1/c9f7280c4c7ca29e5c28fb94f08644d4.jpg",
		"linelist":[
			{
				"apiurl":"https://m3u8.apibdzy.com/api.php/provide/vod/",
				"vid":81964,
				"apitype":"json"
			},
			{
				"apiurl":"http://dy.51isu.com:11801/api.php/provide/vod",
				"vid":1755,
				"apitype":"json"
			},
			{
				"apiurl":"http://www.kkkanju.com/api.php/provide/vod/",
				"vid":150863,
				"apitype":"json"
			}			
		]
	},
	{
		"update_day":7,
		"name":"关于前辈很烦人的事",
		"info":"五十岚双叶，是入职丝卷商社刚到第二年，想要尽快独当一面的新人。武田晴海，则是个性有些粗犷，但很会照顾人的前辈。双叶虽然觉得武田前辈比较烦人，但有时也会觉得温馨，后来还是觉得很烦人…就这样摇摆不定。",
		"picture":"https://bkimg.cdn.bcebos.com/pic/cefc1e178a82b901bfddf45d7f8da9773912ef68?x-bce-process=image/resize,m_lfit,w_536,limit_1/format,f_jpg",
		"linelist":[
			{
				"apiurl":"https://m3u8.apibdzy.com/api.php/provide/vod/",
				"vid":82102,
				"apitype":"json"
			},
			{
				"apiurl":"http://dy.51isu.com:11801/api.php/provide/vod",
				"vid":1754,
				"apitype":"json"
			},
			{
				"apiurl":"http://www.kkkanju.com/api.php/provide/vod/",
				"vid":151462,
				"apitype":"json"
			}			
		]
	},
	{
		"update_day":7,
		"name":"博人传 火影忍者新时代",
		"info":"随着和平的到来而走向近代化的木叶隐村。高楼林立，巨大显示屏中播放出影像，连结各区域的电车在村里奔驰。虽说是忍者村，但一般民众也增多，忍者的生存方式也在逐渐改变的这个时代——村子的领袖、第七代火影·漩涡鸣人的儿子博人，进入了培育忍者的学校“忍者学校”。周围的学生们带着“火影的儿子”这样偏见的目光看待博人，但博人凭借天生的破天荒性格将这种小事轻松越过！博人与新的伙伴相遇，他将如何挑战突然发生的神秘事件？在众人心中如疾风般狂奔的“漩涡博人”的物语，现在开始！！",
		"picture":"https://img.52swat.cn/upload/vod/20200809-1/7f108a1fd3df9212b069be86426fdfc0.jpg",
		"linelist":[
			{
				"apiurl":"https://m3u8.apibdzy.com/api.php/provide/vod/",
				"vid":40835,
				"apitype":"json"
			},
			{
				"apiurl":"http://dy.51isu.com:11801/api.php/provide/vod",
				"vid":1665,
				"apitype":"json"
			},
			{
				"apiurl":"http://www.kkkanju.com/api.php/provide/vod/",
				"vid":38650,
				"apitype":"json"
			}			
		]
	},
	{
		"update_day":6,
		"name":"勇者斗恶龙 达伊的大冒险",
		"info":"曾经因魔王巴铎拉而陷入苦难的世界，在被称作「勇者」的一位剑士和他的同伴手中恢复了和平——时光流逝…。从魔王手中解放的怪物们所生活的南海孤岛·迪尔穆林岛。岛上唯一的人类、憧憬勇者的少年「达伊」，与怪物们过着和平的生活。但这样的日子，也随着魔王巴铎拉的复活而转变。与师父的约定、与伙伴的相遇、无法逃离的宿命…为了拯救再次面临危机的世界，以勇者为目标的少年·达伊的冒险开始了！",
		"picture":"https://m.kkkanju.com/upload/vod/20210426-3/946c76d8a3c9a04d522a3c070b1ff52e.jpg",
		"linelist":[
		    {
				"apiurl":"https://m3u8.apibdzy.com/api.php/provide/vod/",
				"vid":48117,
				"apitype":"json"
			},
			{
				"apiurl":"http://dy.51isu.com:11801/api.php/provide/vod",
				"vid":1804,
				"apitype":"json"
			},
			{
				"apiurl":"http://www.kkkanju.com/api.php/provide/vod/",
				"vid":78390,
				"apitype":"json"
			}		
		]
	}
]
